image_id,label,image_path,parent_id,pixel_bounds
patch-100-550-125-575-#SK1070_combined.tif#.png,wall,/home/david/Documents/GitHub/cnn-boundaries/content/tifs/patches/patch-100-550-125-575-#SK1070_combined.tif#.png,SK1070_combined.tif,"(100, 550, 125, 575)"
patch-175-125-200-150-#SK1070_combined.tif#.png,no_wall,/home/david/Documents/GitHub/cnn-boundaries/content/tifs/patches/patch-175-125-200-150-#SK1070_combined.tif#.png,SK1070_combined.tif,"(175, 125, 200, 150)"
patch-175-1300-200-1325-#SK1070_combined.tif#.png,no_wall,/home/david/Documents/GitHub/cnn-boundaries/content/tifs/patches/patch-175-1300-200-1325-#SK1070_combined.tif#.png,SK1070_combined.tif,"(175, 1300, 200, 1325)"
patch-225-850-250-875-#SK1070_combined.tif#.png,no_wall,/home/david/Documents/GitHub/cnn-boundaries/content/tifs/patches/patch-225-850-250-875-#SK1070_combined.tif#.png,SK1070_combined.tif,"(225, 850, 250, 875)"
patch-425-225-450-250-#SK1070_combined.tif#.png,wall,/home/david/Documents/GitHub/cnn-boundaries/content/tifs/patches/patch-425-225-450-250-#SK1070_combined.tif#.png,SK1070_combined.tif,"(425, 225, 450, 250)"
patch-425-375-450-400-#SK1070_combined.tif#.png,wall,/home/david/Documents/GitHub/cnn-boundaries/content/tifs/patches/patch-425-375-450-400-#SK1070_combined.tif#.png,SK1070_combined.tif,"(425, 375, 450, 400)"
patch-550-550-575-575-#SK1070_combined.tif#.png,no_wall,/home/david/Documents/GitHub/cnn-boundaries/content/tifs/patches/patch-550-550-575-575-#SK1070_combined.tif#.png,SK1070_combined.tif,"(550, 550, 575, 575)"
patch-625-300-650-325-#SK1070_combined.tif#.png,no_wall,/home/david/Documents/GitHub/cnn-boundaries/content/tifs/patches/patch-625-300-650-325-#SK1070_combined.tif#.png,SK1070_combined.tif,"(625, 300, 650, 325)"
patch-675-1450-700-1475-#SK1070_combined.tif#.png,wall,/home/david/Documents/GitHub/cnn-boundaries/content/tifs/patches/patch-675-1450-700-1475-#SK1070_combined.tif#.png,SK1070_combined.tif,"(675, 1450, 700, 1475)"
patch-875-875-900-900-#SK1070_combined.tif#.png,no_wall,/home/david/Documents/GitHub/cnn-boundaries/content/tifs/patches/patch-875-875-900-900-#SK1070_combined.tif#.png,SK1070_combined.tif,"(875, 875, 900, 900)"
patch-1050-850-1075-875-#SK1070_combined.tif#.png,no_wall,/home/david/Documents/GitHub/cnn-boundaries/content/tifs/patches/patch-1050-850-1075-875-#SK1070_combined.tif#.png,SK1070_combined.tif,"(1050, 850, 1075, 875)"
patch-1075-1200-1100-1225-#SK1070_combined.tif#.png,no_wall,/home/david/Documents/GitHub/cnn-boundaries/content/tifs/patches/patch-1075-1200-1100-1225-#SK1070_combined.tif#.png,SK1070_combined.tif,"(1075, 1200, 1100, 1225)"
patch-1125-550-1150-575-#SK1070_combined.tif#.png,no_wall,/home/david/Documents/GitHub/cnn-boundaries/content/tifs/patches/patch-1125-550-1150-575-#SK1070_combined.tif#.png,SK1070_combined.tif,"(1125, 550, 1150, 575)"
patch-1250-100-1275-125-#SK1070_combined.tif#.png,no_wall,/home/david/Documents/GitHub/cnn-boundaries/content/tifs/patches/patch-1250-100-1275-125-#SK1070_combined.tif#.png,SK1070_combined.tif,"(1250, 100, 1275, 125)"
patch-1250-1000-1275-1025-#SK1070_combined.tif#.png,no_wall,/home/david/Documents/GitHub/cnn-boundaries/content/tifs/patches/patch-1250-1000-1275-1025-#SK1070_combined.tif#.png,SK1070_combined.tif,"(1250, 1000, 1275, 1025)"
patch-1275-50-1300-75-#SK1070_combined.tif#.png,no_wall,/home/david/Documents/GitHub/cnn-boundaries/content/tifs/patches/patch-1275-50-1300-75-#SK1070_combined.tif#.png,SK1070_combined.tif,"(1275, 50, 1300, 75)"
patch-1450-850-1475-875-#SK1070_combined.tif#.png,wall,/home/david/Documents/GitHub/cnn-boundaries/content/tifs/patches/patch-1450-850-1475-875-#SK1070_combined.tif#.png,SK1070_combined.tif,"(1450, 850, 1475, 875)"
patch-100-1000-125-1025-#SK1468_combined.tif#.png,no_wall,/home/david/Documents/GitHub/cnn-boundaries/content/tifs/patches/patch-100-1000-125-1025-#SK1468_combined.tif#.png,SK1468_combined.tif,"(100, 1000, 125, 1025)"
patch-125-725-150-750-#SK1468_combined.tif#.png,no_wall,/home/david/Documents/GitHub/cnn-boundaries/content/tifs/patches/patch-125-725-150-750-#SK1468_combined.tif#.png,SK1468_combined.tif,"(125, 725, 150, 750)"
patch-375-75-400-100-#SK1468_combined.tif#.png,wall,/home/david/Documents/GitHub/cnn-boundaries/content/tifs/patches/patch-375-75-400-100-#SK1468_combined.tif#.png,SK1468_combined.tif,"(375, 75, 400, 100)"
patch-475-600-500-625-#SK1468_combined.tif#.png,no_wall,/home/david/Documents/GitHub/cnn-boundaries/content/tifs/patches/patch-475-600-500-625-#SK1468_combined.tif#.png,SK1468_combined.tif,"(475, 600, 500, 625)"
patch-600-400-625-425-#SK1468_combined.tif#.png,no_wall,/home/david/Documents/GitHub/cnn-boundaries/content/tifs/patches/patch-600-400-625-425-#SK1468_combined.tif#.png,SK1468_combined.tif,"(600, 400, 625, 425)"
patch-675-550-700-575-#SK1468_combined.tif#.png,wall,/home/david/Documents/GitHub/cnn-boundaries/content/tifs/patches/patch-675-550-700-575-#SK1468_combined.tif#.png,SK1468_combined.tif,"(675, 550, 700, 575)"
patch-700-1225-725-1250-#SK1468_combined.tif#.png,wall,/home/david/Documents/GitHub/cnn-boundaries/content/tifs/patches/patch-700-1225-725-1250-#SK1468_combined.tif#.png,SK1468_combined.tif,"(700, 1225, 725, 1250)"
patch-750-500-775-525-#SK1468_combined.tif#.png,no_wall,/home/david/Documents/GitHub/cnn-boundaries/content/tifs/patches/patch-750-500-775-525-#SK1468_combined.tif#.png,SK1468_combined.tif,"(750, 500, 775, 525)"
patch-750-725-775-750-#SK1468_combined.tif#.png,no_wall,/home/david/Documents/GitHub/cnn-boundaries/content/tifs/patches/patch-750-725-775-750-#SK1468_combined.tif#.png,SK1468_combined.tif,"(750, 725, 775, 750)"
patch-825-1350-850-1375-#SK1468_combined.tif#.png,no_wall,/home/david/Documents/GitHub/cnn-boundaries/content/tifs/patches/patch-825-1350-850-1375-#SK1468_combined.tif#.png,SK1468_combined.tif,"(825, 1350, 850, 1375)"
patch-850-250-875-275-#SK1468_combined.tif#.png,no_wall,/home/david/Documents/GitHub/cnn-boundaries/content/tifs/patches/patch-850-250-875-275-#SK1468_combined.tif#.png,SK1468_combined.tif,"(850, 250, 875, 275)"
patch-1000-475-1025-500-#SK1468_combined.tif#.png,no_wall,/home/david/Documents/GitHub/cnn-boundaries/content/tifs/patches/patch-1000-475-1025-500-#SK1468_combined.tif#.png,SK1468_combined.tif,"(1000, 475, 1025, 500)"
patch-1025-75-1050-100-#SK1468_combined.tif#.png,no_wall,/home/david/Documents/GitHub/cnn-boundaries/content/tifs/patches/patch-1025-75-1050-100-#SK1468_combined.tif#.png,SK1468_combined.tif,"(1025, 75, 1050, 100)"
patch-1025-1400-1050-1425-#SK1468_combined.tif#.png,no_wall,/home/david/Documents/GitHub/cnn-boundaries/content/tifs/patches/patch-1025-1400-1050-1425-#SK1468_combined.tif#.png,SK1468_combined.tif,"(1025, 1400, 1050, 1425)"
patch-1025-1425-1050-1450-#SK1468_combined.tif#.png,no_wall,/home/david/Documents/GitHub/cnn-boundaries/content/tifs/patches/patch-1025-1425-1050-1450-#SK1468_combined.tif#.png,SK1468_combined.tif,"(1025, 1425, 1050, 1450)"
patch-1050-475-1075-500-#SK1468_combined.tif#.png,no_wall,/home/david/Documents/GitHub/cnn-boundaries/content/tifs/patches/patch-1050-475-1075-500-#SK1468_combined.tif#.png,SK1468_combined.tif,"(1050, 475, 1075, 500)"
patch-1050-1250-1075-1275-#SK1468_combined.tif#.png,no_wall,/home/david/Documents/GitHub/cnn-boundaries/content/tifs/patches/patch-1050-1250-1075-1275-#SK1468_combined.tif#.png,SK1468_combined.tif,"(1050, 1250, 1075, 1275)"
patch-1075-225-1100-250-#SK1468_combined.tif#.png,no_wall,/home/david/Documents/GitHub/cnn-boundaries/content/tifs/patches/patch-1075-225-1100-250-#SK1468_combined.tif#.png,SK1468_combined.tif,"(1075, 225, 1100, 250)"
patch-1075-250-1100-275-#SK1468_combined.tif#.png,no_wall,/home/david/Documents/GitHub/cnn-boundaries/content/tifs/patches/patch-1075-250-1100-275-#SK1468_combined.tif#.png,SK1468_combined.tif,"(1075, 250, 1100, 275)"
patch-1175-1325-1200-1350-#SK1468_combined.tif#.png,no_wall,/home/david/Documents/GitHub/cnn-boundaries/content/tifs/patches/patch-1175-1325-1200-1350-#SK1468_combined.tif#.png,SK1468_combined.tif,"(1175, 1325, 1200, 1350)"
patch-1350-975-1375-1000-#SK1468_combined.tif#.png,wall,/home/david/Documents/GitHub/cnn-boundaries/content/tifs/patches/patch-1350-975-1375-1000-#SK1468_combined.tif#.png,SK1468_combined.tif,"(1350, 975, 1375, 1000)"
patch-1425-575-1450-600-#SK1468_combined.tif#.png,no_wall,/home/david/Documents/GitHub/cnn-boundaries/content/tifs/patches/patch-1425-575-1450-600-#SK1468_combined.tif#.png,SK1468_combined.tif,"(1425, 575, 1450, 600)"
patch-1425-1000-1450-1025-#SK1468_combined.tif#.png,no_wall,/home/david/Documents/GitHub/cnn-boundaries/content/tifs/patches/patch-1425-1000-1450-1025-#SK1468_combined.tif#.png,SK1468_combined.tif,"(1425, 1000, 1450, 1025)"
patch-25-225-50-250-#SK1469_combined.tif#.png,wall,/home/david/Documents/GitHub/cnn-boundaries/content/tifs/patches/patch-25-225-50-250-#SK1469_combined.tif#.png,SK1469_combined.tif,"(25, 225, 50, 250)"
patch-150-325-175-350-#SK1469_combined.tif#.png,no_wall,/home/david/Documents/GitHub/cnn-boundaries/content/tifs/patches/patch-150-325-175-350-#SK1469_combined.tif#.png,SK1469_combined.tif,"(150, 325, 175, 350)"
patch-150-1050-175-1075-#SK1469_combined.tif#.png,no_wall,/home/david/Documents/GitHub/cnn-boundaries/content/tifs/patches/patch-150-1050-175-1075-#SK1469_combined.tif#.png,SK1469_combined.tif,"(150, 1050, 175, 1075)"
patch-200-1025-225-1050-#SK1469_combined.tif#.png,no_wall,/home/david/Documents/GitHub/cnn-boundaries/content/tifs/patches/patch-200-1025-225-1050-#SK1469_combined.tif#.png,SK1469_combined.tif,"(200, 1025, 225, 1050)"
patch-250-375-275-400-#SK1469_combined.tif#.png,no_wall,/home/david/Documents/GitHub/cnn-boundaries/content/tifs/patches/patch-250-375-275-400-#SK1469_combined.tif#.png,SK1469_combined.tif,"(250, 375, 275, 400)"
patch-275-1350-300-1375-#SK1469_combined.tif#.png,no_wall,/home/david/Documents/GitHub/cnn-boundaries/content/tifs/patches/patch-275-1350-300-1375-#SK1469_combined.tif#.png,SK1469_combined.tif,"(275, 1350, 300, 1375)"
patch-375-275-400-300-#SK1469_combined.tif#.png,wall,/home/david/Documents/GitHub/cnn-boundaries/content/tifs/patches/patch-375-275-400-300-#SK1469_combined.tif#.png,SK1469_combined.tif,"(375, 275, 400, 300)"
patch-450-725-475-750-#SK1469_combined.tif#.png,wall,/home/david/Documents/GitHub/cnn-boundaries/content/tifs/patches/patch-450-725-475-750-#SK1469_combined.tif#.png,SK1469_combined.tif,"(450, 725, 475, 750)"
patch-525-1125-550-1150-#SK1469_combined.tif#.png,no_wall,/home/david/Documents/GitHub/cnn-boundaries/content/tifs/patches/patch-525-1125-550-1150-#SK1469_combined.tif#.png,SK1469_combined.tif,"(525, 1125, 550, 1150)"
patch-575-1075-600-1100-#SK1469_combined.tif#.png,wall,/home/david/Documents/GitHub/cnn-boundaries/content/tifs/patches/patch-575-1075-600-1100-#SK1469_combined.tif#.png,SK1469_combined.tif,"(575, 1075, 600, 1100)"
patch-650-100-675-125-#SK1469_combined.tif#.png,no_wall,/home/david/Documents/GitHub/cnn-boundaries/content/tifs/patches/patch-650-100-675-125-#SK1469_combined.tif#.png,SK1469_combined.tif,"(650, 100, 675, 125)"
patch-650-1000-675-1025-#SK1469_combined.tif#.png,wall,/home/david/Documents/GitHub/cnn-boundaries/content/tifs/patches/patch-650-1000-675-1025-#SK1469_combined.tif#.png,SK1469_combined.tif,"(650, 1000, 675, 1025)"
patch-750-775-775-800-#SK1469_combined.tif#.png,no_wall,/home/david/Documents/GitHub/cnn-boundaries/content/tifs/patches/patch-750-775-775-800-#SK1469_combined.tif#.png,SK1469_combined.tif,"(750, 775, 775, 800)"
patch-900-25-925-50-#SK1469_combined.tif#.png,wall,/home/david/Documents/GitHub/cnn-boundaries/content/tifs/patches/patch-900-25-925-50-#SK1469_combined.tif#.png,SK1469_combined.tif,"(900, 25, 925, 50)"
patch-1050-1025-1075-1050-#SK1469_combined.tif#.png,no_wall,/home/david/Documents/GitHub/cnn-boundaries/content/tifs/patches/patch-1050-1025-1075-1050-#SK1469_combined.tif#.png,SK1469_combined.tif,"(1050, 1025, 1075, 1050)"
patch-1100-100-1125-125-#SK1469_combined.tif#.png,no_wall,/home/david/Documents/GitHub/cnn-boundaries/content/tifs/patches/patch-1100-100-1125-125-#SK1469_combined.tif#.png,SK1469_combined.tif,"(1100, 100, 1125, 125)"
patch-1150-800-1175-825-#SK1469_combined.tif#.png,wall,/home/david/Documents/GitHub/cnn-boundaries/content/tifs/patches/patch-1150-800-1175-825-#SK1469_combined.tif#.png,SK1469_combined.tif,"(1150, 800, 1175, 825)"
patch-1175-1025-1200-1050-#SK1469_combined.tif#.png,no_wall,/home/david/Documents/GitHub/cnn-boundaries/content/tifs/patches/patch-1175-1025-1200-1050-#SK1469_combined.tif#.png,SK1469_combined.tif,"(1175, 1025, 1200, 1050)"
patch-1350-550-1375-575-#SK1469_combined.tif#.png,no_wall,/home/david/Documents/GitHub/cnn-boundaries/content/tifs/patches/patch-1350-550-1375-575-#SK1469_combined.tif#.png,SK1469_combined.tif,"(1350, 550, 1375, 575)"
patch-1375-1125-1400-1150-#SK1469_combined.tif#.png,no_wall,/home/david/Documents/GitHub/cnn-boundaries/content/tifs/patches/patch-1375-1125-1400-1150-#SK1469_combined.tif#.png,SK1469_combined.tif,"(1375, 1125, 1400, 1150)"
patch-1450-50-1475-75-#SK1469_combined.tif#.png,no_wall,/home/david/Documents/GitHub/cnn-boundaries/content/tifs/patches/patch-1450-50-1475-75-#SK1469_combined.tif#.png,SK1469_combined.tif,"(1450, 50, 1475, 75)"
patch-1450-250-1475-275-#SK1469_combined.tif#.png,no_wall,/home/david/Documents/GitHub/cnn-boundaries/content/tifs/patches/patch-1450-250-1475-275-#SK1469_combined.tif#.png,SK1469_combined.tif,"(1450, 250, 1475, 275)"
patch-1475-0-1492-25-#SK1469_combined.tif#.png,no_wall,/home/david/Documents/GitHub/cnn-boundaries/content/tifs/patches/patch-1475-0-1492-25-#SK1469_combined.tif#.png,SK1469_combined.tif,"(1475, 0, 1492, 25)"
patch-0-100-25-125-#SK1474_combined.tif#.png,wall,/home/david/Documents/GitHub/cnn-boundaries/content/tifs/patches/patch-0-100-25-125-#SK1474_combined.tif#.png,SK1474_combined.tif,"(0, 100, 25, 125)"
patch-50-325-75-350-#SK1474_combined.tif#.png,wall,/home/david/Documents/GitHub/cnn-boundaries/content/tifs/patches/patch-50-325-75-350-#SK1474_combined.tif#.png,SK1474_combined.tif,"(50, 325, 75, 350)"
patch-50-1150-75-1175-#SK1474_combined.tif#.png,no_wall,/home/david/Documents/GitHub/cnn-boundaries/content/tifs/patches/patch-50-1150-75-1175-#SK1474_combined.tif#.png,SK1474_combined.tif,"(50, 1150, 75, 1175)"
patch-100-1400-125-1425-#SK1474_combined.tif#.png,wall,/home/david/Documents/GitHub/cnn-boundaries/content/tifs/patches/patch-100-1400-125-1425-#SK1474_combined.tif#.png,SK1474_combined.tif,"(100, 1400, 125, 1425)"
patch-175-500-200-525-#SK1474_combined.tif#.png,no_wall,/home/david/Documents/GitHub/cnn-boundaries/content/tifs/patches/patch-175-500-200-525-#SK1474_combined.tif#.png,SK1474_combined.tif,"(175, 500, 200, 525)"
patch-200-250-225-275-#SK1474_combined.tif#.png,no_wall,/home/david/Documents/GitHub/cnn-boundaries/content/tifs/patches/patch-200-250-225-275-#SK1474_combined.tif#.png,SK1474_combined.tif,"(200, 250, 225, 275)"
patch-250-525-275-550-#SK1474_combined.tif#.png,no_wall,/home/david/Documents/GitHub/cnn-boundaries/content/tifs/patches/patch-250-525-275-550-#SK1474_combined.tif#.png,SK1474_combined.tif,"(250, 525, 275, 550)"
patch-275-850-300-875-#SK1474_combined.tif#.png,wall,/home/david/Documents/GitHub/cnn-boundaries/content/tifs/patches/patch-275-850-300-875-#SK1474_combined.tif#.png,SK1474_combined.tif,"(275, 850, 300, 875)"
patch-350-675-375-700-#SK1474_combined.tif#.png,wall,/home/david/Documents/GitHub/cnn-boundaries/content/tifs/patches/patch-350-675-375-700-#SK1474_combined.tif#.png,SK1474_combined.tif,"(350, 675, 375, 700)"
patch-400-0-425-25-#SK1474_combined.tif#.png,wall,/home/david/Documents/GitHub/cnn-boundaries/content/tifs/patches/patch-400-0-425-25-#SK1474_combined.tif#.png,SK1474_combined.tif,"(400, 0, 425, 25)"
patch-525-1175-550-1200-#SK1474_combined.tif#.png,no_wall,/home/david/Documents/GitHub/cnn-boundaries/content/tifs/patches/patch-525-1175-550-1200-#SK1474_combined.tif#.png,SK1474_combined.tif,"(525, 1175, 550, 1200)"
patch-525-1225-550-1250-#SK1474_combined.tif#.png,no_wall,/home/david/Documents/GitHub/cnn-boundaries/content/tifs/patches/patch-525-1225-550-1250-#SK1474_combined.tif#.png,SK1474_combined.tif,"(525, 1225, 550, 1250)"
patch-575-100-600-125-#SK1474_combined.tif#.png,wall,/home/david/Documents/GitHub/cnn-boundaries/content/tifs/patches/patch-575-100-600-125-#SK1474_combined.tif#.png,SK1474_combined.tif,"(575, 100, 600, 125)"
patch-625-450-650-475-#SK1474_combined.tif#.png,no_wall,/home/david/Documents/GitHub/cnn-boundaries/content/tifs/patches/patch-625-450-650-475-#SK1474_combined.tif#.png,SK1474_combined.tif,"(625, 450, 650, 475)"
patch-675-375-700-400-#SK1474_combined.tif#.png,wall,/home/david/Documents/GitHub/cnn-boundaries/content/tifs/patches/patch-675-375-700-400-#SK1474_combined.tif#.png,SK1474_combined.tif,"(675, 375, 700, 400)"
patch-750-250-775-275-#SK1474_combined.tif#.png,no_wall,/home/david/Documents/GitHub/cnn-boundaries/content/tifs/patches/patch-750-250-775-275-#SK1474_combined.tif#.png,SK1474_combined.tif,"(750, 250, 775, 275)"
patch-800-275-825-300-#SK1474_combined.tif#.png,no_wall,/home/david/Documents/GitHub/cnn-boundaries/content/tifs/patches/patch-800-275-825-300-#SK1474_combined.tif#.png,SK1474_combined.tif,"(800, 275, 825, 300)"
patch-800-400-825-425-#SK1474_combined.tif#.png,wall,/home/david/Documents/GitHub/cnn-boundaries/content/tifs/patches/patch-800-400-825-425-#SK1474_combined.tif#.png,SK1474_combined.tif,"(800, 400, 825, 425)"
patch-800-550-825-575-#SK1474_combined.tif#.png,wall,/home/david/Documents/GitHub/cnn-boundaries/content/tifs/patches/patch-800-550-825-575-#SK1474_combined.tif#.png,SK1474_combined.tif,"(800, 550, 825, 575)"
patch-800-1275-825-1300-#SK1474_combined.tif#.png,wall,/home/david/Documents/GitHub/cnn-boundaries/content/tifs/patches/patch-800-1275-825-1300-#SK1474_combined.tif#.png,SK1474_combined.tif,"(800, 1275, 825, 1300)"
patch-800-1450-825-1475-#SK1474_combined.tif#.png,wall,/home/david/Documents/GitHub/cnn-boundaries/content/tifs/patches/patch-800-1450-825-1475-#SK1474_combined.tif#.png,SK1474_combined.tif,"(800, 1450, 825, 1475)"
patch-900-875-925-900-#SK1474_combined.tif#.png,wall,/home/david/Documents/GitHub/cnn-boundaries/content/tifs/patches/patch-900-875-925-900-#SK1474_combined.tif#.png,SK1474_combined.tif,"(900, 875, 925, 900)"
patch-950-275-975-300-#SK1474_combined.tif#.png,no_wall,/home/david/Documents/GitHub/cnn-boundaries/content/tifs/patches/patch-950-275-975-300-#SK1474_combined.tif#.png,SK1474_combined.tif,"(950, 275, 975, 300)"
patch-975-175-1000-200-#SK1474_combined.tif#.png,wall,/home/david/Documents/GitHub/cnn-boundaries/content/tifs/patches/patch-975-175-1000-200-#SK1474_combined.tif#.png,SK1474_combined.tif,"(975, 175, 1000, 200)"
patch-1000-1050-1025-1075-#SK1474_combined.tif#.png,wall,/home/david/Documents/GitHub/cnn-boundaries/content/tifs/patches/patch-1000-1050-1025-1075-#SK1474_combined.tif#.png,SK1474_combined.tif,"(1000, 1050, 1025, 1075)"
patch-1075-100-1100-125-#SK1474_combined.tif#.png,no_wall,/home/david/Documents/GitHub/cnn-boundaries/content/tifs/patches/patch-1075-100-1100-125-#SK1474_combined.tif#.png,SK1474_combined.tif,"(1075, 100, 1100, 125)"
patch-1200-0-1225-25-#SK1474_combined.tif#.png,wall,/home/david/Documents/GitHub/cnn-boundaries/content/tifs/patches/patch-1200-0-1225-25-#SK1474_combined.tif#.png,SK1474_combined.tif,"(1200, 0, 1225, 25)"
patch-1225-175-1250-200-#SK1474_combined.tif#.png,no_wall,/home/david/Documents/GitHub/cnn-boundaries/content/tifs/patches/patch-1225-175-1250-200-#SK1474_combined.tif#.png,SK1474_combined.tif,"(1225, 175, 1250, 200)"
patch-1325-1225-1350-1250-#SK1474_combined.tif#.png,no_wall,/home/david/Documents/GitHub/cnn-boundaries/content/tifs/patches/patch-1325-1225-1350-1250-#SK1474_combined.tif#.png,SK1474_combined.tif,"(1325, 1225, 1350, 1250)"
patch-100-550-125-575-#SK1476_combined.tif#.png,no_wall,/home/david/Documents/GitHub/cnn-boundaries/content/tifs/patches/patch-100-550-125-575-#SK1476_combined.tif#.png,SK1476_combined.tif,"(100, 550, 125, 575)"
patch-175-700-200-725-#SK1476_combined.tif#.png,no_wall,/home/david/Documents/GitHub/cnn-boundaries/content/tifs/patches/patch-175-700-200-725-#SK1476_combined.tif#.png,SK1476_combined.tif,"(175, 700, 200, 725)"
patch-175-1375-200-1400-#SK1476_combined.tif#.png,no_wall,/home/david/Documents/GitHub/cnn-boundaries/content/tifs/patches/patch-175-1375-200-1400-#SK1476_combined.tif#.png,SK1476_combined.tif,"(175, 1375, 200, 1400)"
patch-200-900-225-925-#SK1476_combined.tif#.png,wall,/home/david/Documents/GitHub/cnn-boundaries/content/tifs/patches/patch-200-900-225-925-#SK1476_combined.tif#.png,SK1476_combined.tif,"(200, 900, 225, 925)"
patch-400-0-425-25-#SK1476_combined.tif#.png,wall,/home/david/Documents/GitHub/cnn-boundaries/content/tifs/patches/patch-400-0-425-25-#SK1476_combined.tif#.png,SK1476_combined.tif,"(400, 0, 425, 25)"
patch-425-1025-450-1050-#SK1476_combined.tif#.png,wall,/home/david/Documents/GitHub/cnn-boundaries/content/tifs/patches/patch-425-1025-450-1050-#SK1476_combined.tif#.png,SK1476_combined.tif,"(425, 1025, 450, 1050)"
patch-475-50-500-75-#SK1476_combined.tif#.png,no_wall,/home/david/Documents/GitHub/cnn-boundaries/content/tifs/patches/patch-475-50-500-75-#SK1476_combined.tif#.png,SK1476_combined.tif,"(475, 50, 500, 75)"
patch-600-450-625-475-#SK1476_combined.tif#.png,no_wall,/home/david/Documents/GitHub/cnn-boundaries/content/tifs/patches/patch-600-450-625-475-#SK1476_combined.tif#.png,SK1476_combined.tif,"(600, 450, 625, 475)"
patch-650-775-675-800-#SK1476_combined.tif#.png,no_wall,/home/david/Documents/GitHub/cnn-boundaries/content/tifs/patches/patch-650-775-675-800-#SK1476_combined.tif#.png,SK1476_combined.tif,"(650, 775, 675, 800)"
patch-650-850-675-875-#SK1476_combined.tif#.png,wall,/home/david/Documents/GitHub/cnn-boundaries/content/tifs/patches/patch-650-850-675-875-#SK1476_combined.tif#.png,SK1476_combined.tif,"(650, 850, 675, 875)"
patch-725-1325-750-1350-#SK1476_combined.tif#.png,wall,/home/david/Documents/GitHub/cnn-boundaries/content/tifs/patches/patch-725-1325-750-1350-#SK1476_combined.tif#.png,SK1476_combined.tif,"(725, 1325, 750, 1350)"
patch-750-600-775-625-#SK1476_combined.tif#.png,wall,/home/david/Documents/GitHub/cnn-boundaries/content/tifs/patches/patch-750-600-775-625-#SK1476_combined.tif#.png,SK1476_combined.tif,"(750, 600, 775, 625)"
patch-875-1275-900-1300-#SK1476_combined.tif#.png,no_wall,/home/david/Documents/GitHub/cnn-boundaries/content/tifs/patches/patch-875-1275-900-1300-#SK1476_combined.tif#.png,SK1476_combined.tif,"(875, 1275, 900, 1300)"
patch-900-400-925-425-#SK1476_combined.tif#.png,no_wall,/home/david/Documents/GitHub/cnn-boundaries/content/tifs/patches/patch-900-400-925-425-#SK1476_combined.tif#.png,SK1476_combined.tif,"(900, 400, 925, 425)"
patch-925-550-950-575-#SK1476_combined.tif#.png,no_wall,/home/david/Documents/GitHub/cnn-boundaries/content/tifs/patches/patch-925-550-950-575-#SK1476_combined.tif#.png,SK1476_combined.tif,"(925, 550, 950, 575)"
patch-1000-275-1025-300-#SK1476_combined.tif#.png,wall,/home/david/Documents/GitHub/cnn-boundaries/content/tifs/patches/patch-1000-275-1025-300-#SK1476_combined.tif#.png,SK1476_combined.tif,"(1000, 275, 1025, 300)"
patch-1000-1250-1025-1275-#SK1476_combined.tif#.png,wall,/home/david/Documents/GitHub/cnn-boundaries/content/tifs/patches/patch-1000-1250-1025-1275-#SK1476_combined.tif#.png,SK1476_combined.tif,"(1000, 1250, 1025, 1275)"
patch-1050-575-1075-600-#SK1476_combined.tif#.png,wall,/home/david/Documents/GitHub/cnn-boundaries/content/tifs/patches/patch-1050-575-1075-600-#SK1476_combined.tif#.png,SK1476_combined.tif,"(1050, 575, 1075, 600)"
patch-1075-1175-1100-1200-#SK1476_combined.tif#.png,no_wall,/home/david/Documents/GitHub/cnn-boundaries/content/tifs/patches/patch-1075-1175-1100-1200-#SK1476_combined.tif#.png,SK1476_combined.tif,"(1075, 1175, 1100, 1200)"
patch-1225-475-1250-500-#SK1476_combined.tif#.png,no_wall,/home/david/Documents/GitHub/cnn-boundaries/content/tifs/patches/patch-1225-475-1250-500-#SK1476_combined.tif#.png,SK1476_combined.tif,"(1225, 475, 1250, 500)"
patch-1300-1150-1325-1175-#SK1476_combined.tif#.png,no_wall,/home/david/Documents/GitHub/cnn-boundaries/content/tifs/patches/patch-1300-1150-1325-1175-#SK1476_combined.tif#.png,SK1476_combined.tif,"(1300, 1150, 1325, 1175)"
patch-1325-325-1350-350-#SK1476_combined.tif#.png,no_wall,/home/david/Documents/GitHub/cnn-boundaries/content/tifs/patches/patch-1325-325-1350-350-#SK1476_combined.tif#.png,SK1476_combined.tif,"(1325, 325, 1350, 350)"
patch-75-1450-100-1475-#SK1567_combined.tif#.png,wall,/home/david/Documents/GitHub/cnn-boundaries/content/tifs/patches/patch-75-1450-100-1475-#SK1567_combined.tif#.png,SK1567_combined.tif,"(75, 1450, 100, 1475)"
patch-150-750-175-775-#SK1567_combined.tif#.png,no_wall,/home/david/Documents/GitHub/cnn-boundaries/content/tifs/patches/patch-150-750-175-775-#SK1567_combined.tif#.png,SK1567_combined.tif,"(150, 750, 175, 775)"
patch-200-475-225-500-#SK1567_combined.tif#.png,no_wall,/home/david/Documents/GitHub/cnn-boundaries/content/tifs/patches/patch-200-475-225-500-#SK1567_combined.tif#.png,SK1567_combined.tif,"(200, 475, 225, 500)"
patch-200-1025-225-1050-#SK1567_combined.tif#.png,no_wall,/home/david/Documents/GitHub/cnn-boundaries/content/tifs/patches/patch-200-1025-225-1050-#SK1567_combined.tif#.png,SK1567_combined.tif,"(200, 1025, 225, 1050)"
patch-375-1400-400-1425-#SK1567_combined.tif#.png,wall,/home/david/Documents/GitHub/cnn-boundaries/content/tifs/patches/patch-375-1400-400-1425-#SK1567_combined.tif#.png,SK1567_combined.tif,"(375, 1400, 400, 1425)"
patch-575-850-600-875-#SK1567_combined.tif#.png,no_wall,/home/david/Documents/GitHub/cnn-boundaries/content/tifs/patches/patch-575-850-600-875-#SK1567_combined.tif#.png,SK1567_combined.tif,"(575, 850, 600, 875)"
patch-575-875-600-900-#SK1567_combined.tif#.png,no_wall,/home/david/Documents/GitHub/cnn-boundaries/content/tifs/patches/patch-575-875-600-900-#SK1567_combined.tif#.png,SK1567_combined.tif,"(575, 875, 600, 900)"
patch-600-675-625-700-#SK1567_combined.tif#.png,no_wall,/home/david/Documents/GitHub/cnn-boundaries/content/tifs/patches/patch-600-675-625-700-#SK1567_combined.tif#.png,SK1567_combined.tif,"(600, 675, 625, 700)"
patch-800-800-825-825-#SK1567_combined.tif#.png,no_wall,/home/david/Documents/GitHub/cnn-boundaries/content/tifs/patches/patch-800-800-825-825-#SK1567_combined.tif#.png,SK1567_combined.tif,"(800, 800, 825, 825)"
patch-925-1150-950-1175-#SK1567_combined.tif#.png,no_wall,/home/david/Documents/GitHub/cnn-boundaries/content/tifs/patches/patch-925-1150-950-1175-#SK1567_combined.tif#.png,SK1567_combined.tif,"(925, 1150, 950, 1175)"
patch-950-750-975-775-#SK1567_combined.tif#.png,no_wall,/home/david/Documents/GitHub/cnn-boundaries/content/tifs/patches/patch-950-750-975-775-#SK1567_combined.tif#.png,SK1567_combined.tif,"(950, 750, 975, 775)"
patch-1000-500-1025-525-#SK1567_combined.tif#.png,wall,/home/david/Documents/GitHub/cnn-boundaries/content/tifs/patches/patch-1000-500-1025-525-#SK1567_combined.tif#.png,SK1567_combined.tif,"(1000, 500, 1025, 525)"
patch-1025-175-1050-200-#SK1567_combined.tif#.png,no_wall,/home/david/Documents/GitHub/cnn-boundaries/content/tifs/patches/patch-1025-175-1050-200-#SK1567_combined.tif#.png,SK1567_combined.tif,"(1025, 175, 1050, 200)"
patch-1100-600-1125-625-#SK1567_combined.tif#.png,wall,/home/david/Documents/GitHub/cnn-boundaries/content/tifs/patches/patch-1100-600-1125-625-#SK1567_combined.tif#.png,SK1567_combined.tif,"(1100, 600, 1125, 625)"
patch-1100-1100-1125-1125-#SK1567_combined.tif#.png,no_wall,/home/david/Documents/GitHub/cnn-boundaries/content/tifs/patches/patch-1100-1100-1125-1125-#SK1567_combined.tif#.png,SK1567_combined.tif,"(1100, 1100, 1125, 1125)"
patch-1150-600-1175-625-#SK1567_combined.tif#.png,no_wall,/home/david/Documents/GitHub/cnn-boundaries/content/tifs/patches/patch-1150-600-1175-625-#SK1567_combined.tif#.png,SK1567_combined.tif,"(1150, 600, 1175, 625)"
patch-1225-550-1250-575-#SK1567_combined.tif#.png,no_wall,/home/david/Documents/GitHub/cnn-boundaries/content/tifs/patches/patch-1225-550-1250-575-#SK1567_combined.tif#.png,SK1567_combined.tif,"(1225, 550, 1250, 575)"
patch-1275-1400-1300-1425-#SK1567_combined.tif#.png,no_wall,/home/david/Documents/GitHub/cnn-boundaries/content/tifs/patches/patch-1275-1400-1300-1425-#SK1567_combined.tif#.png,SK1567_combined.tif,"(1275, 1400, 1300, 1425)"
patch-1400-900-1425-925-#SK1567_combined.tif#.png,wall,/home/david/Documents/GitHub/cnn-boundaries/content/tifs/patches/patch-1400-900-1425-925-#SK1567_combined.tif#.png,SK1567_combined.tif,"(1400, 900, 1425, 925)"
patch-0-825-25-850-#SK1570_combined.tif#.png,no_wall,/home/david/Documents/GitHub/cnn-boundaries/content/tifs/patches/patch-0-825-25-850-#SK1570_combined.tif#.png,SK1570_combined.tif,"(0, 825, 25, 850)"
patch-0-1000-25-1025-#SK1570_combined.tif#.png,no_wall,/home/david/Documents/GitHub/cnn-boundaries/content/tifs/patches/patch-0-1000-25-1025-#SK1570_combined.tif#.png,SK1570_combined.tif,"(0, 1000, 25, 1025)"
patch-75-425-100-450-#SK1570_combined.tif#.png,wall,/home/david/Documents/GitHub/cnn-boundaries/content/tifs/patches/patch-75-425-100-450-#SK1570_combined.tif#.png,SK1570_combined.tif,"(75, 425, 100, 450)"
patch-200-100-225-125-#SK1570_combined.tif#.png,no_wall,/home/david/Documents/GitHub/cnn-boundaries/content/tifs/patches/patch-200-100-225-125-#SK1570_combined.tif#.png,SK1570_combined.tif,"(200, 100, 225, 125)"
patch-225-1100-250-1125-#SK1570_combined.tif#.png,no_wall,/home/david/Documents/GitHub/cnn-boundaries/content/tifs/patches/patch-225-1100-250-1125-#SK1570_combined.tif#.png,SK1570_combined.tif,"(225, 1100, 250, 1125)"
patch-275-1300-300-1325-#SK1570_combined.tif#.png,no_wall,/home/david/Documents/GitHub/cnn-boundaries/content/tifs/patches/patch-275-1300-300-1325-#SK1570_combined.tif#.png,SK1570_combined.tif,"(275, 1300, 300, 1325)"
patch-300-1150-325-1175-#SK1570_combined.tif#.png,wall,/home/david/Documents/GitHub/cnn-boundaries/content/tifs/patches/patch-300-1150-325-1175-#SK1570_combined.tif#.png,SK1570_combined.tif,"(300, 1150, 325, 1175)"
patch-325-225-350-250-#SK1570_combined.tif#.png,no_wall,/home/david/Documents/GitHub/cnn-boundaries/content/tifs/patches/patch-325-225-350-250-#SK1570_combined.tif#.png,SK1570_combined.tif,"(325, 225, 350, 250)"
patch-325-500-350-525-#SK1570_combined.tif#.png,no_wall,/home/david/Documents/GitHub/cnn-boundaries/content/tifs/patches/patch-325-500-350-525-#SK1570_combined.tif#.png,SK1570_combined.tif,"(325, 500, 350, 525)"
patch-450-1000-475-1025-#SK1570_combined.tif#.png,wall,/home/david/Documents/GitHub/cnn-boundaries/content/tifs/patches/patch-450-1000-475-1025-#SK1570_combined.tif#.png,SK1570_combined.tif,"(450, 1000, 475, 1025)"
patch-475-200-500-225-#SK1570_combined.tif#.png,no_wall,/home/david/Documents/GitHub/cnn-boundaries/content/tifs/patches/patch-475-200-500-225-#SK1570_combined.tif#.png,SK1570_combined.tif,"(475, 200, 500, 225)"
patch-475-1000-500-1025-#SK1570_combined.tif#.png,no_wall,/home/david/Documents/GitHub/cnn-boundaries/content/tifs/patches/patch-475-1000-500-1025-#SK1570_combined.tif#.png,SK1570_combined.tif,"(475, 1000, 500, 1025)"
patch-525-300-550-325-#SK1570_combined.tif#.png,wall,/home/david/Documents/GitHub/cnn-boundaries/content/tifs/patches/patch-525-300-550-325-#SK1570_combined.tif#.png,SK1570_combined.tif,"(525, 300, 550, 325)"
patch-775-1275-800-1300-#SK1570_combined.tif#.png,no_wall,/home/david/Documents/GitHub/cnn-boundaries/content/tifs/patches/patch-775-1275-800-1300-#SK1570_combined.tif#.png,SK1570_combined.tif,"(775, 1275, 800, 1300)"
patch-850-1250-875-1275-#SK1570_combined.tif#.png,no_wall,/home/david/Documents/GitHub/cnn-boundaries/content/tifs/patches/patch-850-1250-875-1275-#SK1570_combined.tif#.png,SK1570_combined.tif,"(850, 1250, 875, 1275)"
patch-875-1075-900-1100-#SK1570_combined.tif#.png,no_wall,/home/david/Documents/GitHub/cnn-boundaries/content/tifs/patches/patch-875-1075-900-1100-#SK1570_combined.tif#.png,SK1570_combined.tif,"(875, 1075, 900, 1100)"
patch-1125-950-1150-975-#SK1570_combined.tif#.png,no_wall,/home/david/Documents/GitHub/cnn-boundaries/content/tifs/patches/patch-1125-950-1150-975-#SK1570_combined.tif#.png,SK1570_combined.tif,"(1125, 950, 1150, 975)"
patch-1150-1375-1175-1400-#SK1570_combined.tif#.png,no_wall,/home/david/Documents/GitHub/cnn-boundaries/content/tifs/patches/patch-1150-1375-1175-1400-#SK1570_combined.tif#.png,SK1570_combined.tif,"(1150, 1375, 1175, 1400)"
patch-1175-325-1200-350-#SK1570_combined.tif#.png,no_wall,/home/david/Documents/GitHub/cnn-boundaries/content/tifs/patches/patch-1175-325-1200-350-#SK1570_combined.tif#.png,SK1570_combined.tif,"(1175, 325, 1200, 350)"
patch-1225-225-1250-250-#SK1570_combined.tif#.png,wall,/home/david/Documents/GitHub/cnn-boundaries/content/tifs/patches/patch-1225-225-1250-250-#SK1570_combined.tif#.png,SK1570_combined.tif,"(1225, 225, 1250, 250)"
patch-1225-250-1250-275-#SK1570_combined.tif#.png,wall,/home/david/Documents/GitHub/cnn-boundaries/content/tifs/patches/patch-1225-250-1250-275-#SK1570_combined.tif#.png,SK1570_combined.tif,"(1225, 250, 1250, 275)"
patch-1300-475-1325-500-#SK1570_combined.tif#.png,no_wall,/home/david/Documents/GitHub/cnn-boundaries/content/tifs/patches/patch-1300-475-1325-500-#SK1570_combined.tif#.png,SK1570_combined.tif,"(1300, 475, 1325, 500)"
patch-1425-675-1450-700-#SK1570_combined.tif#.png,no_wall,/home/david/Documents/GitHub/cnn-boundaries/content/tifs/patches/patch-1425-675-1450-700-#SK1570_combined.tif#.png,SK1570_combined.tif,"(1425, 675, 1450, 700)"
patch-1425-1375-1450-1400-#SK1570_combined.tif#.png,wall,/home/david/Documents/GitHub/cnn-boundaries/content/tifs/patches/patch-1425-1375-1450-1400-#SK1570_combined.tif#.png,SK1570_combined.tif,"(1425, 1375, 1450, 1400)"
patch-1475-150-1492-175-#SK1570_combined.tif#.png,no_wall,/home/david/Documents/GitHub/cnn-boundaries/content/tifs/patches/patch-1475-150-1492-175-#SK1570_combined.tif#.png,SK1570_combined.tif,"(1475, 150, 1492, 175)"
patch-25-550-50-575-#SK1668_combined.tif#.png,wall,/home/david/Documents/GitHub/cnn-boundaries/content/tifs/patches/patch-25-550-50-575-#SK1668_combined.tif#.png,SK1668_combined.tif,"(25, 550, 50, 575)"
patch-75-125-100-150-#SK1668_combined.tif#.png,wall,/home/david/Documents/GitHub/cnn-boundaries/content/tifs/patches/patch-75-125-100-150-#SK1668_combined.tif#.png,SK1668_combined.tif,"(75, 125, 100, 150)"
patch-75-700-100-725-#SK1668_combined.tif#.png,no_wall,/home/david/Documents/GitHub/cnn-boundaries/content/tifs/patches/patch-75-700-100-725-#SK1668_combined.tif#.png,SK1668_combined.tif,"(75, 700, 100, 725)"
patch-150-1150-175-1175-#SK1668_combined.tif#.png,no_wall,/home/david/Documents/GitHub/cnn-boundaries/content/tifs/patches/patch-150-1150-175-1175-#SK1668_combined.tif#.png,SK1668_combined.tif,"(150, 1150, 175, 1175)"
patch-425-1075-450-1100-#SK1668_combined.tif#.png,no_wall,/home/david/Documents/GitHub/cnn-boundaries/content/tifs/patches/patch-425-1075-450-1100-#SK1668_combined.tif#.png,SK1668_combined.tif,"(425, 1075, 450, 1100)"
patch-600-1050-625-1075-#SK1668_combined.tif#.png,no_wall,/home/david/Documents/GitHub/cnn-boundaries/content/tifs/patches/patch-600-1050-625-1075-#SK1668_combined.tif#.png,SK1668_combined.tif,"(600, 1050, 625, 1075)"
patch-625-1150-650-1175-#SK1668_combined.tif#.png,no_wall,/home/david/Documents/GitHub/cnn-boundaries/content/tifs/patches/patch-625-1150-650-1175-#SK1668_combined.tif#.png,SK1668_combined.tif,"(625, 1150, 650, 1175)"
patch-700-800-725-825-#SK1668_combined.tif#.png,no_wall,/home/david/Documents/GitHub/cnn-boundaries/content/tifs/patches/patch-700-800-725-825-#SK1668_combined.tif#.png,SK1668_combined.tif,"(700, 800, 725, 825)"
patch-700-1425-725-1450-#SK1668_combined.tif#.png,no_wall,/home/david/Documents/GitHub/cnn-boundaries/content/tifs/patches/patch-700-1425-725-1450-#SK1668_combined.tif#.png,SK1668_combined.tif,"(700, 1425, 725, 1450)"
patch-800-225-825-250-#SK1668_combined.tif#.png,no_wall,/home/david/Documents/GitHub/cnn-boundaries/content/tifs/patches/patch-800-225-825-250-#SK1668_combined.tif#.png,SK1668_combined.tif,"(800, 225, 825, 250)"
patch-875-1425-900-1450-#SK1668_combined.tif#.png,no_wall,/home/david/Documents/GitHub/cnn-boundaries/content/tifs/patches/patch-875-1425-900-1450-#SK1668_combined.tif#.png,SK1668_combined.tif,"(875, 1425, 900, 1450)"
patch-875-1475-900-1491-#SK1668_combined.tif#.png,no_wall,/home/david/Documents/GitHub/cnn-boundaries/content/tifs/patches/patch-875-1475-900-1491-#SK1668_combined.tif#.png,SK1668_combined.tif,"(875, 1475, 900, 1491)"
patch-900-675-925-700-#SK1668_combined.tif#.png,no_wall,/home/david/Documents/GitHub/cnn-boundaries/content/tifs/patches/patch-900-675-925-700-#SK1668_combined.tif#.png,SK1668_combined.tif,"(900, 675, 925, 700)"
patch-900-1250-925-1275-#SK1668_combined.tif#.png,no_wall,/home/david/Documents/GitHub/cnn-boundaries/content/tifs/patches/patch-900-1250-925-1275-#SK1668_combined.tif#.png,SK1668_combined.tif,"(900, 1250, 925, 1275)"
patch-925-825-950-850-#SK1668_combined.tif#.png,no_wall,/home/david/Documents/GitHub/cnn-boundaries/content/tifs/patches/patch-925-825-950-850-#SK1668_combined.tif#.png,SK1668_combined.tif,"(925, 825, 950, 850)"
patch-975-450-1000-475-#SK1668_combined.tif#.png,no_wall,/home/david/Documents/GitHub/cnn-boundaries/content/tifs/patches/patch-975-450-1000-475-#SK1668_combined.tif#.png,SK1668_combined.tif,"(975, 450, 1000, 475)"
patch-1100-1325-1125-1350-#SK1668_combined.tif#.png,wall,/home/david/Documents/GitHub/cnn-boundaries/content/tifs/patches/patch-1100-1325-1125-1350-#SK1668_combined.tif#.png,SK1668_combined.tif,"(1100, 1325, 1125, 1350)"
patch-1200-775-1225-800-#SK1668_combined.tif#.png,no_wall,/home/david/Documents/GitHub/cnn-boundaries/content/tifs/patches/patch-1200-775-1225-800-#SK1668_combined.tif#.png,SK1668_combined.tif,"(1200, 775, 1225, 800)"
patch-1325-1125-1350-1150-#SK1668_combined.tif#.png,no_wall,/home/david/Documents/GitHub/cnn-boundaries/content/tifs/patches/patch-1325-1125-1350-1150-#SK1668_combined.tif#.png,SK1668_combined.tif,"(1325, 1125, 1350, 1150)"
patch-1350-1450-1375-1475-#SK1668_combined.tif#.png,wall,/home/david/Documents/GitHub/cnn-boundaries/content/tifs/patches/patch-1350-1450-1375-1475-#SK1668_combined.tif#.png,SK1668_combined.tif,"(1350, 1450, 1375, 1475)"
patch-1425-1450-1450-1475-#SK1668_combined.tif#.png,no_wall,/home/david/Documents/GitHub/cnn-boundaries/content/tifs/patches/patch-1425-1450-1450-1475-#SK1668_combined.tif#.png,SK1668_combined.tif,"(1425, 1450, 1450, 1475)"
patch-1475-475-1490-500-#SK1668_combined.tif#.png,no_wall,/home/david/Documents/GitHub/cnn-boundaries/content/tifs/patches/patch-1475-475-1490-500-#SK1668_combined.tif#.png,SK1668_combined.tif,"(1475, 475, 1490, 500)"
patch-25-800-50-825-#SK1678_combined.tif#.png,no_wall,/home/david/Documents/GitHub/cnn-boundaries/content/tifs/patches/patch-25-800-50-825-#SK1678_combined.tif#.png,SK1678_combined.tif,"(25, 800, 50, 825)"
patch-50-125-75-150-#SK1678_combined.tif#.png,wall,/home/david/Documents/GitHub/cnn-boundaries/content/tifs/patches/patch-50-125-75-150-#SK1678_combined.tif#.png,SK1678_combined.tif,"(50, 125, 75, 150)"
patch-50-950-75-975-#SK1678_combined.tif#.png,wall,/home/david/Documents/GitHub/cnn-boundaries/content/tifs/patches/patch-50-950-75-975-#SK1678_combined.tif#.png,SK1678_combined.tif,"(50, 950, 75, 975)"
patch-150-0-175-25-#SK1678_combined.tif#.png,no_wall,/home/david/Documents/GitHub/cnn-boundaries/content/tifs/patches/patch-150-0-175-25-#SK1678_combined.tif#.png,SK1678_combined.tif,"(150, 0, 175, 25)"
patch-150-50-175-75-#SK1678_combined.tif#.png,no_wall,/home/david/Documents/GitHub/cnn-boundaries/content/tifs/patches/patch-150-50-175-75-#SK1678_combined.tif#.png,SK1678_combined.tif,"(150, 50, 175, 75)"
patch-175-700-200-725-#SK1678_combined.tif#.png,wall,/home/david/Documents/GitHub/cnn-boundaries/content/tifs/patches/patch-175-700-200-725-#SK1678_combined.tif#.png,SK1678_combined.tif,"(175, 700, 200, 725)"
patch-225-1250-250-1275-#SK1678_combined.tif#.png,no_wall,/home/david/Documents/GitHub/cnn-boundaries/content/tifs/patches/patch-225-1250-250-1275-#SK1678_combined.tif#.png,SK1678_combined.tif,"(225, 1250, 250, 1275)"
patch-275-1300-300-1325-#SK1678_combined.tif#.png,no_wall,/home/david/Documents/GitHub/cnn-boundaries/content/tifs/patches/patch-275-1300-300-1325-#SK1678_combined.tif#.png,SK1678_combined.tif,"(275, 1300, 300, 1325)"
patch-575-1325-600-1350-#SK1678_combined.tif#.png,no_wall,/home/david/Documents/GitHub/cnn-boundaries/content/tifs/patches/patch-575-1325-600-1350-#SK1678_combined.tif#.png,SK1678_combined.tif,"(575, 1325, 600, 1350)"
patch-650-1025-675-1050-#SK1678_combined.tif#.png,wall,/home/david/Documents/GitHub/cnn-boundaries/content/tifs/patches/patch-650-1025-675-1050-#SK1678_combined.tif#.png,SK1678_combined.tif,"(650, 1025, 675, 1050)"
patch-850-625-875-650-#SK1678_combined.tif#.png,no_wall,/home/david/Documents/GitHub/cnn-boundaries/content/tifs/patches/patch-850-625-875-650-#SK1678_combined.tif#.png,SK1678_combined.tif,"(850, 625, 875, 650)"
patch-875-425-900-450-#SK1678_combined.tif#.png,wall,/home/david/Documents/GitHub/cnn-boundaries/content/tifs/patches/patch-875-425-900-450-#SK1678_combined.tif#.png,SK1678_combined.tif,"(875, 425, 900, 450)"
patch-875-700-900-725-#SK1678_combined.tif#.png,wall,/home/david/Documents/GitHub/cnn-boundaries/content/tifs/patches/patch-875-700-900-725-#SK1678_combined.tif#.png,SK1678_combined.tif,"(875, 700, 900, 725)"
patch-900-650-925-675-#SK1678_combined.tif#.png,no_wall,/home/david/Documents/GitHub/cnn-boundaries/content/tifs/patches/patch-900-650-925-675-#SK1678_combined.tif#.png,SK1678_combined.tif,"(900, 650, 925, 675)"
patch-950-1425-975-1450-#SK1678_combined.tif#.png,wall,/home/david/Documents/GitHub/cnn-boundaries/content/tifs/patches/patch-950-1425-975-1450-#SK1678_combined.tif#.png,SK1678_combined.tif,"(950, 1425, 975, 1450)"
patch-1075-975-1100-1000-#SK1678_combined.tif#.png,no_wall,/home/david/Documents/GitHub/cnn-boundaries/content/tifs/patches/patch-1075-975-1100-1000-#SK1678_combined.tif#.png,SK1678_combined.tif,"(1075, 975, 1100, 1000)"
patch-1100-1325-1125-1350-#SK1678_combined.tif#.png,wall,/home/david/Documents/GitHub/cnn-boundaries/content/tifs/patches/patch-1100-1325-1125-1350-#SK1678_combined.tif#.png,SK1678_combined.tif,"(1100, 1325, 1125, 1350)"
patch-1175-1275-1200-1300-#SK1678_combined.tif#.png,no_wall,/home/david/Documents/GitHub/cnn-boundaries/content/tifs/patches/patch-1175-1275-1200-1300-#SK1678_combined.tif#.png,SK1678_combined.tif,"(1175, 1275, 1200, 1300)"
patch-1225-75-1250-100-#SK1678_combined.tif#.png,no_wall,/home/david/Documents/GitHub/cnn-boundaries/content/tifs/patches/patch-1225-75-1250-100-#SK1678_combined.tif#.png,SK1678_combined.tif,"(1225, 75, 1250, 100)"
patch-1275-225-1300-250-#SK1678_combined.tif#.png,wall,/home/david/Documents/GitHub/cnn-boundaries/content/tifs/patches/patch-1275-225-1300-250-#SK1678_combined.tif#.png,SK1678_combined.tif,"(1275, 225, 1300, 250)"
patch-1300-500-1325-525-#SK1678_combined.tif#.png,wall,/home/david/Documents/GitHub/cnn-boundaries/content/tifs/patches/patch-1300-500-1325-525-#SK1678_combined.tif#.png,SK1678_combined.tif,"(1300, 500, 1325, 525)"
patch-1450-1375-1475-1400-#SK1678_combined.tif#.png,no_wall,/home/david/Documents/GitHub/cnn-boundaries/content/tifs/patches/patch-1450-1375-1475-1400-#SK1678_combined.tif#.png,SK1678_combined.tif,"(1450, 1375, 1475, 1400)"
patch-75-900-100-925-#SK1767_combined.tif#.png,no_wall,/home/david/Documents/GitHub/cnn-boundaries/content/tifs/patches/patch-75-900-100-925-#SK1767_combined.tif#.png,SK1767_combined.tif,"(75, 900, 100, 925)"
patch-100-150-125-175-#SK1767_combined.tif#.png,no_wall,/home/david/Documents/GitHub/cnn-boundaries/content/tifs/patches/patch-100-150-125-175-#SK1767_combined.tif#.png,SK1767_combined.tif,"(100, 150, 125, 175)"
patch-225-600-250-625-#SK1767_combined.tif#.png,wall,/home/david/Documents/GitHub/cnn-boundaries/content/tifs/patches/patch-225-600-250-625-#SK1767_combined.tif#.png,SK1767_combined.tif,"(225, 600, 250, 625)"
patch-300-50-325-75-#SK1767_combined.tif#.png,wall,/home/david/Documents/GitHub/cnn-boundaries/content/tifs/patches/patch-300-50-325-75-#SK1767_combined.tif#.png,SK1767_combined.tif,"(300, 50, 325, 75)"
patch-300-875-325-900-#SK1767_combined.tif#.png,no_wall,/home/david/Documents/GitHub/cnn-boundaries/content/tifs/patches/patch-300-875-325-900-#SK1767_combined.tif#.png,SK1767_combined.tif,"(300, 875, 325, 900)"
patch-325-1275-350-1300-#SK1767_combined.tif#.png,no_wall,/home/david/Documents/GitHub/cnn-boundaries/content/tifs/patches/patch-325-1275-350-1300-#SK1767_combined.tif#.png,SK1767_combined.tif,"(325, 1275, 350, 1300)"
patch-350-1125-375-1150-#SK1767_combined.tif#.png,wall,/home/david/Documents/GitHub/cnn-boundaries/content/tifs/patches/patch-350-1125-375-1150-#SK1767_combined.tif#.png,SK1767_combined.tif,"(350, 1125, 375, 1150)"
patch-350-1475-375-1490-#SK1767_combined.tif#.png,no_wall,/home/david/Documents/GitHub/cnn-boundaries/content/tifs/patches/patch-350-1475-375-1490-#SK1767_combined.tif#.png,SK1767_combined.tif,"(350, 1475, 375, 1490)"
patch-525-1050-550-1075-#SK1767_combined.tif#.png,wall,/home/david/Documents/GitHub/cnn-boundaries/content/tifs/patches/patch-525-1050-550-1075-#SK1767_combined.tif#.png,SK1767_combined.tif,"(525, 1050, 550, 1075)"
patch-625-925-650-950-#SK1767_combined.tif#.png,no_wall,/home/david/Documents/GitHub/cnn-boundaries/content/tifs/patches/patch-625-925-650-950-#SK1767_combined.tif#.png,SK1767_combined.tif,"(625, 925, 650, 950)"
patch-650-400-675-425-#SK1767_combined.tif#.png,no_wall,/home/david/Documents/GitHub/cnn-boundaries/content/tifs/patches/patch-650-400-675-425-#SK1767_combined.tif#.png,SK1767_combined.tif,"(650, 400, 675, 425)"
patch-700-275-725-300-#SK1767_combined.tif#.png,no_wall,/home/david/Documents/GitHub/cnn-boundaries/content/tifs/patches/patch-700-275-725-300-#SK1767_combined.tif#.png,SK1767_combined.tif,"(700, 275, 725, 300)"
patch-1000-825-1025-850-#SK1767_combined.tif#.png,wall,/home/david/Documents/GitHub/cnn-boundaries/content/tifs/patches/patch-1000-825-1025-850-#SK1767_combined.tif#.png,SK1767_combined.tif,"(1000, 825, 1025, 850)"
patch-1025-1050-1050-1075-#SK1767_combined.tif#.png,no_wall,/home/david/Documents/GitHub/cnn-boundaries/content/tifs/patches/patch-1025-1050-1050-1075-#SK1767_combined.tif#.png,SK1767_combined.tif,"(1025, 1050, 1050, 1075)"
patch-1050-475-1075-500-#SK1767_combined.tif#.png,no_wall,/home/david/Documents/GitHub/cnn-boundaries/content/tifs/patches/patch-1050-475-1075-500-#SK1767_combined.tif#.png,SK1767_combined.tif,"(1050, 475, 1075, 500)"
patch-1050-725-1075-750-#SK1767_combined.tif#.png,no_wall,/home/david/Documents/GitHub/cnn-boundaries/content/tifs/patches/patch-1050-725-1075-750-#SK1767_combined.tif#.png,SK1767_combined.tif,"(1050, 725, 1075, 750)"
patch-1125-1375-1150-1400-#SK1767_combined.tif#.png,no_wall,/home/david/Documents/GitHub/cnn-boundaries/content/tifs/patches/patch-1125-1375-1150-1400-#SK1767_combined.tif#.png,SK1767_combined.tif,"(1125, 1375, 1150, 1400)"
patch-1150-1225-1175-1250-#SK1767_combined.tif#.png,no_wall,/home/david/Documents/GitHub/cnn-boundaries/content/tifs/patches/patch-1150-1225-1175-1250-#SK1767_combined.tif#.png,SK1767_combined.tif,"(1150, 1225, 1175, 1250)"
patch-1175-1375-1200-1400-#SK1767_combined.tif#.png,no_wall,/home/david/Documents/GitHub/cnn-boundaries/content/tifs/patches/patch-1175-1375-1200-1400-#SK1767_combined.tif#.png,SK1767_combined.tif,"(1175, 1375, 1200, 1400)"
patch-1300-1350-1325-1375-#SK1767_combined.tif#.png,no_wall,/home/david/Documents/GitHub/cnn-boundaries/content/tifs/patches/patch-1300-1350-1325-1375-#SK1767_combined.tif#.png,SK1767_combined.tif,"(1300, 1350, 1325, 1375)"
patch-1325-25-1350-50-#SK1767_combined.tif#.png,no_wall,/home/david/Documents/GitHub/cnn-boundaries/content/tifs/patches/patch-1325-25-1350-50-#SK1767_combined.tif#.png,SK1767_combined.tif,"(1325, 25, 1350, 50)"
patch-1350-150-1375-175-#SK1767_combined.tif#.png,wall,/home/david/Documents/GitHub/cnn-boundaries/content/tifs/patches/patch-1350-150-1375-175-#SK1767_combined.tif#.png,SK1767_combined.tif,"(1350, 150, 1375, 175)"
patch-1350-525-1375-550-#SK1767_combined.tif#.png,no_wall,/home/david/Documents/GitHub/cnn-boundaries/content/tifs/patches/patch-1350-525-1375-550-#SK1767_combined.tif#.png,SK1767_combined.tif,"(1350, 525, 1375, 550)"
patch-1450-1000-1475-1025-#SK1767_combined.tif#.png,no_wall,/home/david/Documents/GitHub/cnn-boundaries/content/tifs/patches/patch-1450-1000-1475-1025-#SK1767_combined.tif#.png,SK1767_combined.tif,"(1450, 1000, 1475, 1025)"
patch-1475-200-1491-225-#SK1767_combined.tif#.png,no_wall,/home/david/Documents/GitHub/cnn-boundaries/content/tifs/patches/patch-1475-200-1491-225-#SK1767_combined.tif#.png,SK1767_combined.tif,"(1475, 200, 1491, 225)"
patch-25-150-50-175-#SK1768_combined.tif#.png,no_wall,/home/david/Documents/GitHub/cnn-boundaries/content/tifs/patches/patch-25-150-50-175-#SK1768_combined.tif#.png,SK1768_combined.tif,"(25, 150, 50, 175)"
patch-25-1225-50-1250-#SK1768_combined.tif#.png,wall,/home/david/Documents/GitHub/cnn-boundaries/content/tifs/patches/patch-25-1225-50-1250-#SK1768_combined.tif#.png,SK1768_combined.tif,"(25, 1225, 50, 1250)"
patch-50-1350-75-1375-#SK1768_combined.tif#.png,no_wall,/home/david/Documents/GitHub/cnn-boundaries/content/tifs/patches/patch-50-1350-75-1375-#SK1768_combined.tif#.png,SK1768_combined.tif,"(50, 1350, 75, 1375)"
patch-125-375-150-400-#SK1768_combined.tif#.png,no_wall,/home/david/Documents/GitHub/cnn-boundaries/content/tifs/patches/patch-125-375-150-400-#SK1768_combined.tif#.png,SK1768_combined.tif,"(125, 375, 150, 400)"
patch-275-900-300-925-#SK1768_combined.tif#.png,wall,/home/david/Documents/GitHub/cnn-boundaries/content/tifs/patches/patch-275-900-300-925-#SK1768_combined.tif#.png,SK1768_combined.tif,"(275, 900, 300, 925)"
patch-400-1350-425-1375-#SK1768_combined.tif#.png,no_wall,/home/david/Documents/GitHub/cnn-boundaries/content/tifs/patches/patch-400-1350-425-1375-#SK1768_combined.tif#.png,SK1768_combined.tif,"(400, 1350, 425, 1375)"
patch-475-750-500-775-#SK1768_combined.tif#.png,no_wall,/home/david/Documents/GitHub/cnn-boundaries/content/tifs/patches/patch-475-750-500-775-#SK1768_combined.tif#.png,SK1768_combined.tif,"(475, 750, 500, 775)"
patch-625-1425-650-1450-#SK1768_combined.tif#.png,no_wall,/home/david/Documents/GitHub/cnn-boundaries/content/tifs/patches/patch-625-1425-650-1450-#SK1768_combined.tif#.png,SK1768_combined.tif,"(625, 1425, 650, 1450)"
patch-650-825-675-850-#SK1768_combined.tif#.png,wall,/home/david/Documents/GitHub/cnn-boundaries/content/tifs/patches/patch-650-825-675-850-#SK1768_combined.tif#.png,SK1768_combined.tif,"(650, 825, 675, 850)"
patch-825-125-850-150-#SK1768_combined.tif#.png,no_wall,/home/david/Documents/GitHub/cnn-boundaries/content/tifs/patches/patch-825-125-850-150-#SK1768_combined.tif#.png,SK1768_combined.tif,"(825, 125, 850, 150)"
patch-825-1000-850-1025-#SK1768_combined.tif#.png,no_wall,/home/david/Documents/GitHub/cnn-boundaries/content/tifs/patches/patch-825-1000-850-1025-#SK1768_combined.tif#.png,SK1768_combined.tif,"(825, 1000, 850, 1025)"
patch-925-375-950-400-#SK1768_combined.tif#.png,no_wall,/home/david/Documents/GitHub/cnn-boundaries/content/tifs/patches/patch-925-375-950-400-#SK1768_combined.tif#.png,SK1768_combined.tif,"(925, 375, 950, 400)"
patch-925-1400-950-1425-#SK1768_combined.tif#.png,no_wall,/home/david/Documents/GitHub/cnn-boundaries/content/tifs/patches/patch-925-1400-950-1425-#SK1768_combined.tif#.png,SK1768_combined.tif,"(925, 1400, 950, 1425)"
patch-950-575-975-600-#SK1768_combined.tif#.png,wall,/home/david/Documents/GitHub/cnn-boundaries/content/tifs/patches/patch-950-575-975-600-#SK1768_combined.tif#.png,SK1768_combined.tif,"(950, 575, 975, 600)"
patch-1150-525-1175-550-#SK1768_combined.tif#.png,no_wall,/home/david/Documents/GitHub/cnn-boundaries/content/tifs/patches/patch-1150-525-1175-550-#SK1768_combined.tif#.png,SK1768_combined.tif,"(1150, 525, 1175, 550)"
patch-1175-200-1200-225-#SK1768_combined.tif#.png,no_wall,/home/david/Documents/GitHub/cnn-boundaries/content/tifs/patches/patch-1175-200-1200-225-#SK1768_combined.tif#.png,SK1768_combined.tif,"(1175, 200, 1200, 225)"
patch-1175-350-1200-375-#SK1768_combined.tif#.png,no_wall,/home/david/Documents/GitHub/cnn-boundaries/content/tifs/patches/patch-1175-350-1200-375-#SK1768_combined.tif#.png,SK1768_combined.tif,"(1175, 350, 1200, 375)"
patch-1200-1275-1225-1300-#SK1768_combined.tif#.png,no_wall,/home/david/Documents/GitHub/cnn-boundaries/content/tifs/patches/patch-1200-1275-1225-1300-#SK1768_combined.tif#.png,SK1768_combined.tif,"(1200, 1275, 1225, 1300)"
patch-1275-675-1300-700-#SK1768_combined.tif#.png,no_wall,/home/david/Documents/GitHub/cnn-boundaries/content/tifs/patches/patch-1275-675-1300-700-#SK1768_combined.tif#.png,SK1768_combined.tif,"(1275, 675, 1300, 700)"
patch-1275-1250-1300-1275-#SK1768_combined.tif#.png,no_wall,/home/david/Documents/GitHub/cnn-boundaries/content/tifs/patches/patch-1275-1250-1300-1275-#SK1768_combined.tif#.png,SK1768_combined.tif,"(1275, 1250, 1300, 1275)"
patch-1300-50-1325-75-#SK1768_combined.tif#.png,no_wall,/home/david/Documents/GitHub/cnn-boundaries/content/tifs/patches/patch-1300-50-1325-75-#SK1768_combined.tif#.png,SK1768_combined.tif,"(1300, 50, 1325, 75)"
patch-1300-75-1325-100-#SK1768_combined.tif#.png,no_wall,/home/david/Documents/GitHub/cnn-boundaries/content/tifs/patches/patch-1300-75-1325-100-#SK1768_combined.tif#.png,SK1768_combined.tif,"(1300, 75, 1325, 100)"
patch-1350-1475-1375-1491-#SK1768_combined.tif#.png,no_wall,/home/david/Documents/GitHub/cnn-boundaries/content/tifs/patches/patch-1350-1475-1375-1491-#SK1768_combined.tif#.png,SK1768_combined.tif,"(1350, 1475, 1375, 1491)"
patch-1400-450-1425-475-#SK1768_combined.tif#.png,no_wall,/home/david/Documents/GitHub/cnn-boundaries/content/tifs/patches/patch-1400-450-1425-475-#SK1768_combined.tif#.png,SK1768_combined.tif,"(1400, 450, 1425, 475)"
patch-1425-225-1450-250-#SK1768_combined.tif#.png,no_wall,/home/david/Documents/GitHub/cnn-boundaries/content/tifs/patches/patch-1425-225-1450-250-#SK1768_combined.tif#.png,SK1768_combined.tif,"(1425, 225, 1450, 250)"
patch-1425-550-1450-575-#SK1768_combined.tif#.png,wall,/home/david/Documents/GitHub/cnn-boundaries/content/tifs/patches/patch-1425-550-1450-575-#SK1768_combined.tif#.png,SK1768_combined.tif,"(1425, 550, 1450, 575)"
patch-1425-925-1450-950-#SK1768_combined.tif#.png,wall,/home/david/Documents/GitHub/cnn-boundaries/content/tifs/patches/patch-1425-925-1450-950-#SK1768_combined.tif#.png,SK1768_combined.tif,"(1425, 925, 1450, 950)"
patch-1450-950-1475-975-#SK1768_combined.tif#.png,no_wall,/home/david/Documents/GitHub/cnn-boundaries/content/tifs/patches/patch-1450-950-1475-975-#SK1768_combined.tif#.png,SK1768_combined.tif,"(1450, 950, 1475, 975)"
patch-75-1300-100-1325-#SK1867_combined.tif#.png,no_wall,/home/david/Documents/GitHub/cnn-boundaries/content/tifs/patches/patch-75-1300-100-1325-#SK1867_combined.tif#.png,SK1867_combined.tif,"(75, 1300, 100, 1325)"
patch-250-1100-275-1125-#SK1867_combined.tif#.png,no_wall,/home/david/Documents/GitHub/cnn-boundaries/content/tifs/patches/patch-250-1100-275-1125-#SK1867_combined.tif#.png,SK1867_combined.tif,"(250, 1100, 275, 1125)"
patch-275-800-300-825-#SK1867_combined.tif#.png,wall,/home/david/Documents/GitHub/cnn-boundaries/content/tifs/patches/patch-275-800-300-825-#SK1867_combined.tif#.png,SK1867_combined.tif,"(275, 800, 300, 825)"
patch-275-1200-300-1225-#SK1867_combined.tif#.png,no_wall,/home/david/Documents/GitHub/cnn-boundaries/content/tifs/patches/patch-275-1200-300-1225-#SK1867_combined.tif#.png,SK1867_combined.tif,"(275, 1200, 300, 1225)"
patch-300-525-325-550-#SK1867_combined.tif#.png,no_wall,/home/david/Documents/GitHub/cnn-boundaries/content/tifs/patches/patch-300-525-325-550-#SK1867_combined.tif#.png,SK1867_combined.tif,"(300, 525, 325, 550)"
patch-625-1175-650-1200-#SK1867_combined.tif#.png,no_wall,/home/david/Documents/GitHub/cnn-boundaries/content/tifs/patches/patch-625-1175-650-1200-#SK1867_combined.tif#.png,SK1867_combined.tif,"(625, 1175, 650, 1200)"
patch-625-1400-650-1425-#SK1867_combined.tif#.png,no_wall,/home/david/Documents/GitHub/cnn-boundaries/content/tifs/patches/patch-625-1400-650-1425-#SK1867_combined.tif#.png,SK1867_combined.tif,"(625, 1400, 650, 1425)"
patch-650-250-675-275-#SK1867_combined.tif#.png,no_wall,/home/david/Documents/GitHub/cnn-boundaries/content/tifs/patches/patch-650-250-675-275-#SK1867_combined.tif#.png,SK1867_combined.tif,"(650, 250, 675, 275)"
patch-750-875-775-900-#SK1867_combined.tif#.png,no_wall,/home/david/Documents/GitHub/cnn-boundaries/content/tifs/patches/patch-750-875-775-900-#SK1867_combined.tif#.png,SK1867_combined.tif,"(750, 875, 775, 900)"
patch-775-1400-800-1425-#SK1867_combined.tif#.png,no_wall,/home/david/Documents/GitHub/cnn-boundaries/content/tifs/patches/patch-775-1400-800-1425-#SK1867_combined.tif#.png,SK1867_combined.tif,"(775, 1400, 800, 1425)"
patch-825-550-850-575-#SK1867_combined.tif#.png,no_wall,/home/david/Documents/GitHub/cnn-boundaries/content/tifs/patches/patch-825-550-850-575-#SK1867_combined.tif#.png,SK1867_combined.tif,"(825, 550, 850, 575)"
patch-850-650-875-675-#SK1867_combined.tif#.png,no_wall,/home/david/Documents/GitHub/cnn-boundaries/content/tifs/patches/patch-850-650-875-675-#SK1867_combined.tif#.png,SK1867_combined.tif,"(850, 650, 875, 675)"
patch-950-475-975-500-#SK1867_combined.tif#.png,no_wall,/home/david/Documents/GitHub/cnn-boundaries/content/tifs/patches/patch-950-475-975-500-#SK1867_combined.tif#.png,SK1867_combined.tif,"(950, 475, 975, 500)"
patch-950-850-975-875-#SK1867_combined.tif#.png,no_wall,/home/david/Documents/GitHub/cnn-boundaries/content/tifs/patches/patch-950-850-975-875-#SK1867_combined.tif#.png,SK1867_combined.tif,"(950, 850, 975, 875)"
patch-1125-325-1150-350-#SK1867_combined.tif#.png,wall,/home/david/Documents/GitHub/cnn-boundaries/content/tifs/patches/patch-1125-325-1150-350-#SK1867_combined.tif#.png,SK1867_combined.tif,"(1125, 325, 1150, 350)"
patch-1175-400-1200-425-#SK1867_combined.tif#.png,no_wall,/home/david/Documents/GitHub/cnn-boundaries/content/tifs/patches/patch-1175-400-1200-425-#SK1867_combined.tif#.png,SK1867_combined.tif,"(1175, 400, 1200, 425)"
patch-1200-1000-1225-1025-#SK1867_combined.tif#.png,wall,/home/david/Documents/GitHub/cnn-boundaries/content/tifs/patches/patch-1200-1000-1225-1025-#SK1867_combined.tif#.png,SK1867_combined.tif,"(1200, 1000, 1225, 1025)"
patch-1225-850-1250-875-#SK1867_combined.tif#.png,no_wall,/home/david/Documents/GitHub/cnn-boundaries/content/tifs/patches/patch-1225-850-1250-875-#SK1867_combined.tif#.png,SK1867_combined.tif,"(1225, 850, 1250, 875)"
patch-1250-75-1275-100-#SK1867_combined.tif#.png,no_wall,/home/david/Documents/GitHub/cnn-boundaries/content/tifs/patches/patch-1250-75-1275-100-#SK1867_combined.tif#.png,SK1867_combined.tif,"(1250, 75, 1275, 100)"
patch-1250-1425-1275-1450-#SK1867_combined.tif#.png,no_wall,/home/david/Documents/GitHub/cnn-boundaries/content/tifs/patches/patch-1250-1425-1275-1450-#SK1867_combined.tif#.png,SK1867_combined.tif,"(1250, 1425, 1275, 1450)"
patch-1325-275-1350-300-#SK1867_combined.tif#.png,no_wall,/home/david/Documents/GitHub/cnn-boundaries/content/tifs/patches/patch-1325-275-1350-300-#SK1867_combined.tif#.png,SK1867_combined.tif,"(1325, 275, 1350, 300)"
patch-1400-825-1425-850-#SK1867_combined.tif#.png,wall,/home/david/Documents/GitHub/cnn-boundaries/content/tifs/patches/patch-1400-825-1425-850-#SK1867_combined.tif#.png,SK1867_combined.tif,"(1400, 825, 1425, 850)"
patch-25-775-50-800-#SK1868_combined.tif#.png,no_wall,/home/david/Documents/GitHub/cnn-boundaries/content/tifs/patches/patch-25-775-50-800-#SK1868_combined.tif#.png,SK1868_combined.tif,"(25, 775, 50, 800)"
patch-50-375-75-400-#SK1868_combined.tif#.png,no_wall,/home/david/Documents/GitHub/cnn-boundaries/content/tifs/patches/patch-50-375-75-400-#SK1868_combined.tif#.png,SK1868_combined.tif,"(50, 375, 75, 400)"
patch-150-1375-175-1400-#SK1868_combined.tif#.png,no_wall,/home/david/Documents/GitHub/cnn-boundaries/content/tifs/patches/patch-150-1375-175-1400-#SK1868_combined.tif#.png,SK1868_combined.tif,"(150, 1375, 175, 1400)"
patch-150-1425-175-1450-#SK1868_combined.tif#.png,no_wall,/home/david/Documents/GitHub/cnn-boundaries/content/tifs/patches/patch-150-1425-175-1450-#SK1868_combined.tif#.png,SK1868_combined.tif,"(150, 1425, 175, 1450)"
patch-175-700-200-725-#SK1868_combined.tif#.png,no_wall,/home/david/Documents/GitHub/cnn-boundaries/content/tifs/patches/patch-175-700-200-725-#SK1868_combined.tif#.png,SK1868_combined.tif,"(175, 700, 200, 725)"
patch-250-550-275-575-#SK1868_combined.tif#.png,no_wall,/home/david/Documents/GitHub/cnn-boundaries/content/tifs/patches/patch-250-550-275-575-#SK1868_combined.tif#.png,SK1868_combined.tif,"(250, 550, 275, 575)"
patch-275-175-300-200-#SK1868_combined.tif#.png,no_wall,/home/david/Documents/GitHub/cnn-boundaries/content/tifs/patches/patch-275-175-300-200-#SK1868_combined.tif#.png,SK1868_combined.tif,"(275, 175, 300, 200)"
patch-325-1000-350-1025-#SK1868_combined.tif#.png,no_wall,/home/david/Documents/GitHub/cnn-boundaries/content/tifs/patches/patch-325-1000-350-1025-#SK1868_combined.tif#.png,SK1868_combined.tif,"(325, 1000, 350, 1025)"
patch-400-1025-425-1050-#SK1868_combined.tif#.png,no_wall,/home/david/Documents/GitHub/cnn-boundaries/content/tifs/patches/patch-400-1025-425-1050-#SK1868_combined.tif#.png,SK1868_combined.tif,"(400, 1025, 425, 1050)"
patch-500-325-525-350-#SK1868_combined.tif#.png,no_wall,/home/david/Documents/GitHub/cnn-boundaries/content/tifs/patches/patch-500-325-525-350-#SK1868_combined.tif#.png,SK1868_combined.tif,"(500, 325, 525, 350)"
patch-575-400-600-425-#SK1868_combined.tif#.png,no_wall,/home/david/Documents/GitHub/cnn-boundaries/content/tifs/patches/patch-575-400-600-425-#SK1868_combined.tif#.png,SK1868_combined.tif,"(575, 400, 600, 425)"
patch-575-1025-600-1050-#SK1868_combined.tif#.png,wall,/home/david/Documents/GitHub/cnn-boundaries/content/tifs/patches/patch-575-1025-600-1050-#SK1868_combined.tif#.png,SK1868_combined.tif,"(575, 1025, 600, 1050)"
patch-625-50-650-75-#SK1868_combined.tif#.png,no_wall,/home/david/Documents/GitHub/cnn-boundaries/content/tifs/patches/patch-625-50-650-75-#SK1868_combined.tif#.png,SK1868_combined.tif,"(625, 50, 650, 75)"
patch-675-350-700-375-#SK1868_combined.tif#.png,no_wall,/home/david/Documents/GitHub/cnn-boundaries/content/tifs/patches/patch-675-350-700-375-#SK1868_combined.tif#.png,SK1868_combined.tif,"(675, 350, 700, 375)"
patch-725-500-750-525-#SK1868_combined.tif#.png,wall,/home/david/Documents/GitHub/cnn-boundaries/content/tifs/patches/patch-725-500-750-525-#SK1868_combined.tif#.png,SK1868_combined.tif,"(725, 500, 750, 525)"
patch-750-400-775-425-#SK1868_combined.tif#.png,no_wall,/home/david/Documents/GitHub/cnn-boundaries/content/tifs/patches/patch-750-400-775-425-#SK1868_combined.tif#.png,SK1868_combined.tif,"(750, 400, 775, 425)"
patch-950-1150-975-1175-#SK1868_combined.tif#.png,wall,/home/david/Documents/GitHub/cnn-boundaries/content/tifs/patches/patch-950-1150-975-1175-#SK1868_combined.tif#.png,SK1868_combined.tif,"(950, 1150, 975, 1175)"
patch-1000-850-1025-875-#SK1868_combined.tif#.png,no_wall,/home/david/Documents/GitHub/cnn-boundaries/content/tifs/patches/patch-1000-850-1025-875-#SK1868_combined.tif#.png,SK1868_combined.tif,"(1000, 850, 1025, 875)"
patch-1025-275-1050-300-#SK1868_combined.tif#.png,no_wall,/home/david/Documents/GitHub/cnn-boundaries/content/tifs/patches/patch-1025-275-1050-300-#SK1868_combined.tif#.png,SK1868_combined.tif,"(1025, 275, 1050, 300)"
patch-1100-950-1125-975-#SK1868_combined.tif#.png,no_wall,/home/david/Documents/GitHub/cnn-boundaries/content/tifs/patches/patch-1100-950-1125-975-#SK1868_combined.tif#.png,SK1868_combined.tif,"(1100, 950, 1125, 975)"
patch-1125-425-1150-450-#SK1868_combined.tif#.png,no_wall,/home/david/Documents/GitHub/cnn-boundaries/content/tifs/patches/patch-1125-425-1150-450-#SK1868_combined.tif#.png,SK1868_combined.tif,"(1125, 425, 1150, 450)"
patch-1275-950-1300-975-#SK1868_combined.tif#.png,no_wall,/home/david/Documents/GitHub/cnn-boundaries/content/tifs/patches/patch-1275-950-1300-975-#SK1868_combined.tif#.png,SK1868_combined.tif,"(1275, 950, 1300, 975)"
patch-1425-500-1450-525-#SK1868_combined.tif#.png,wall,/home/david/Documents/GitHub/cnn-boundaries/content/tifs/patches/patch-1425-500-1450-525-#SK1868_combined.tif#.png,SK1868_combined.tif,"(1425, 500, 1450, 525)"
patch-1450-1250-1475-1275-#SK1868_combined.tif#.png,no_wall,/home/david/Documents/GitHub/cnn-boundaries/content/tifs/patches/patch-1450-1250-1475-1275-#SK1868_combined.tif#.png,SK1868_combined.tif,"(1450, 1250, 1475, 1275)"
patch-1475-575-1490-600-#SK1868_combined.tif#.png,no_wall,/home/david/Documents/GitHub/cnn-boundaries/content/tifs/patches/patch-1475-575-1490-600-#SK1868_combined.tif#.png,SK1868_combined.tif,"(1475, 575, 1490, 600)"
patch-1475-1400-1490-1425-#SK1868_combined.tif#.png,no_wall,/home/david/Documents/GitHub/cnn-boundaries/content/tifs/patches/patch-1475-1400-1490-1425-#SK1868_combined.tif#.png,SK1868_combined.tif,"(1475, 1400, 1490, 1425)"
